{"scores": [0.4090730390539844, 0.3552746253281887, 0.4090730390539844, 0.3884270614858228, 0.3884270614858228, 0.4090730390539844, 0.30171956607709405, 0.4255574831883411, 0.4255574831883411, 0.3552746253281887, 0.4090730390539844, 0.4255574831883411, 0.3884270614858228, 0.4255574831883411, 0.30171956607709405, 0.4255574831883411, 0.30171956607709405, 0.3552746253281887, 0.3552746253281887, 0.30171956607709405, 0.10286817696930499, 0.10286817696930499, 0.10286817696930499, 0.07585818002124355, 0.10286817696930499, 0.10286817696930499, 0.10286817696930499, 0.10286817696930499, 0.10286817696930499, 0.10286817696930499, 0.10286817696930499, 0.10286817696930499, 0.10286817696930499, 0.07585818002124355, 0.10286817696930499, 0.10286817696930499, 0.10286817696930499, 0.10286817696930499, 0.10286817696930499, 0.10286817696930499], "harms": [0, 0, 0, 0, 0, 0, 0, 0, 0, 0, 0, 0, 0, 0, 0, 0, 0, 0, 0, 0, 0, 0, 0, 0, 0, 0, 0, 0, 0, 0, 0, 0, 0, 0, 0, 0, 0, 0, 0, 0]}